INSERT INTO biblioteka.status (Status) 
VALUES ('Wypożyczony'), ('Dostępny'), ('Czasowo niedostępny');

INSERT INTO biblioteka.status_wypozyczenia (Status) 
VALUES ('Aktywny'), ('Zakończony');
       
INSERT INTO biblioteka.bibliotekarz (Imie, Nazwisko, PESEL) 
VALUES ('Jan', 'Kowalski', '12345678901'),
	   ('Jan', 'Nowak', '23456789012'),
       ('Łukasz', 'Kowalski', '34567890123'),
       ('Łukasz', 'Nowak', '45678901234'),
       ('Łukasz', 'Kowalski', '56789012345'),
       ('Tomek', 'Kowalski', '67890123456'),
       ('Tomek', 'Nowak', '78901234567');
       
INSERT INTO biblioteka.autorzy (Imie, Nazwisko)
VALUES	('Juliusz', 'Słowacki'),
        ('Adam','Mickiewicz'),
        ('Bolesław','Prus'),
        ('Eliza','Orzeszkowa');
        
INSERT INTO biblioteka.wydawnictwo(Nazwa)
VALUES  ('Helion'),
		('PWN'),
        ('Difin'),
        ('Omega');
        
        
INSERT INTO biblioteka.ksiazka(ISBN, Tytul, Wydawnictwo_id, Data_wydania, Liczba_Egzemplarzy, Maksymalny_czas_wypozyczenia)
VALUES  ('9788328302341', 'Dziady cz. I', '2', '2020-05-10', '25', '21'),
		('9788328352341', 'Dziady cz. II', '2', '2020-03-10', '25', '21'),
        ('9288322302341', 'Dziady cz. III', '2', '2020-07-10', '25', '21'),
        ('9788328302348', 'Dziady cz. IV', '2', '2020-02-10', '25', '21'),
        ('9768328302341', 'Pan Tadeusz', '2', '2020-09-10', '25', '21'),
        ('9788328502341', 'Lalka', '1', '2020-01-10', '10', '15'),
		('9288328502341', 'Nad Niemnem', '4', '2020-06-10', '10', '28');
        
INSERT INTO biblioteka.autorzy_ksiazki(ISBN, Autor_id)
VALUES  ('9788328302341', '2'),
		('9788328352341', '2'),
        ('9288322302341', '2'),
        ('9788328302348', '2'),
        ('9768328302341', '2'),
        ('9788328502341', '3'),
        ('9288328502341', '4');
        
INSERT INTO czytelnik (Imie,Nazwisko,Telefon,email,Data_dodania) 
VALUES  ("James","Pearson","150706520","hendrerit@parturientmontesnascetur.net","2020-09-04"),
		("Jason","Dyer","857585678","penatibus.et.magnis@ornareelitelit.co.uk","2020-06-19"),
		("Carson","Doyle","283386656","augue@vulputateeuodio.com","2021-11-07"),
		("Gil","Monroe","514390890","interdum.libero.dui@utdolordapibus.edu","2020-02-28"),
		("Murphy","Garcia","550368182","amet@quamquisdiam.co.uk","2021-06-04"),
		("Dorian","Mayo","845252753","Phasellus@Fusce.co.uk","2020-03-14"),
		("Gannon","Daugherty","519361835","vestibulum.Mauris@pedemalesuada.org","2020-05-24"),
		("Aidan","Swanson","195825275","fringilla.porttitor@enim.edu","2020-10-29"),
		("Christopher","Bates","640689533","Nunc@Fusce.ca","2021-06-05"),
		("Rafael","Sanders","571789177","vel.arcu@laciniaSedcongue.edu","2021-07-06"),
		("Kenneth","Ferrell","820445437","eu.erat.semper@arcu.net","2021-05-25"),
		("Yardley","Emerson","115654159","purus.Nullam.scelerisque@elementum.ca","2020-08-20"),
		("Declan","Quinn","155438984","nec@natoque.edu","2021-06-12"),
		("Quamar","Sawyer","918927115","interdum@luctuslobortis.ca","2020-07-13"),
		("Russell","Pickett","640288156","dui.nec.urna@rutrum.org","2020-11-10"),
		("Odysseus","Jacobs","829365145","In.scelerisque@dignissim.org","2020-09-24"),
		("Chaim","Winters","327767147","nulla@malesuada.ca","2021-06-22"),
		("Thomas","Merrill","187351577","orci.sem@ipsumprimisin.net","2020-05-24"),
		("Ivor","Santos","926771673","orci.quis.lectus@mauris.edu","2020-02-28"),
		("Walter","Howe","556399955","elit.pede@nunc.org","2021-08-23"),
		("Eagan","Randolph","700361457","placerat@orcilacusvestibulum.org","2021-03-16"),
		("Brock","Gaines","494673924","Quisque.fringilla.euismod@odioauctor.net","2021-05-21"),
		("Cadman","Villarreal","613858666","Quisque.porttitor@rutrum.ca","2020-12-10"),
		("Trevor","Melendez","315595414","elit@eu.ca","2020-03-18"),
		("Omar","Peck","271713213","metus.Aenean@molestiedapibus.net","2020-10-01"),
		("Barclay","Zamora","831163855","Nullam.suscipit.est@magnaPhasellusdolor.edu","2019-12-14"),
		("Harper","Gilmore","434297965","tristique.senectus.et@vulputateveliteu.com","2020-11-13"),
		("Kane","Wade","829521653","auctor.velit.eget@etnetus.co.uk","2021-01-05"),
		("Brandon","Hale","811352891","Pellentesque.habitant.morbi@Donecnibhenim.org","2021-02-09"),
		("Dillon","Robles","753956744","tempor@egestas.net","2021-11-08"),
		("Cullen","Dorsey","284587241","morbi.tristique.senectus@tellus.com","2021-03-12"),
		("Wing","Stephenson","253632969","scelerisque.sed.sapien@Loremipsumdolor.edu","2021-08-27"),
		("Wesley","Booth","884494776","fermentum@ametmassa.co.uk","2021-05-30"),
		("Demetrius","Knight","878485163","facilisis@tellusfaucibus.net","2021-11-15"),
		("Cadman","Horton","245413148","In.nec.orci@aauctor.net","2020-01-03"),
		("Cedric","Ratliff","387617239","odio.tristique@ullamcorpereueuismod.edu","2020-02-24"),
		("Vance","Figueroa","526904156","magna.Sed@nibh.ca","2020-08-30"),
		("Colby","Nelson","929629507","nibh.Phasellus@Suspendisse.co.uk","2020-07-29"),
		("James","Hatfield","764351197","at.fringilla.purus@Proinvel.ca","2019-12-08"),
		("Ferris","Gonzalez","352137994","mi.felis@Donectincidunt.co.uk","2019-12-08"),
		("Ryder","Gonzales","317761732","venenatis.lacus.Etiam@tinciduntvehicula.edu","2021-11-05"),
		("Hoyt","Briggs","548712303","diam.Duis.mi@erosProinultrices.co.uk","2021-01-12"),
		("Paul","Young","497680555","ac.mi.eleifend@ornarelectusante.com","2021-02-04"),
		("Colorado","Henry","861410685","vehicula.aliquet.libero@duilectus.ca","2021-07-17"),
		("Hayes","Ball","669663741","mus@fermentum.ca","2020-10-28"),
		("Edward","Burgess","637512497","libero.Donec.consectetuer@volutpat.co.uk","2021-06-04"),
		("Isaiah","Shepard","620756177","Morbi.non@vitae.net","2020-09-27"),
		("Jameson","Callahan","440527517","lacus@nonleo.net","2020-08-04"),
		("Forrest","Bennett","154674466","Integer@Etiam.net","2020-11-11"),
		("Linus","Lynn","454744284","nunc.sed@uteratSed.co.uk","2020-12-29");

INSERT INTO biblioteka.wypozyczenia(ISBN, Bibliotekarz_id, Czytelnik_id, Data_wypozyczenia, Wymagana_data_zwrotu, Status_wypozyczenia_id)
VALUES  ('9788328352341', 1, 1, '2020-05-26', '2020-06-17', '1'),
		('9788328352341', 1, 10, '2020-05-26', '2020-06-17', '1'),
        ('9788328352341', 1, 16, '2020-05-26', '2020-06-17', '1'),
        ('9788328352341', 2, 3, '2020-05-26', '2020-06-17', '1'),
        ('9788328352341', 5, 20, '2020-05-26', '2020-06-17', '1'),
        ('9788328352341', 3, 11, '2020-05-26', '2020-06-17', '1'),
        ('9788328502341', 1, 1, '2020-05-26', '2020-06-17', '1'),
        ('9788328502341', 5, 7, '2020-05-26', '2020-06-17', '1'),
        ('9788328502341', 3, 38, '2020-05-26', '2020-06-17', '1'),
        ('9788328502341', 2, 15, '2020-05-26', '2020-06-17', '1'),
        ('9768328302341', 2, 15, '2020-05-26', '2020-06-17', '1'),
        ('9768328302341', 6, 12, '2020-05-26', '2020-06-17', '1'),
        ('9768328302341', 6, 31, '2020-05-26', '2020-06-17', '1'),
        ('9768328302341', 1, 26, '2020-05-26', '2020-06-17', '1');
        
        
INSERT INTO biblioteka.egzemplarz(ISBN, Status_id, Wypozyczenie_id)
VALUES  ('9788328302341', '2', NULL),
		('9788328302341', '2', NULL),
        ('9788328302341', '2', NULL),
        ('9788328302341', '2', NULL),
        ('9788328302341', '2', NULL),
        ('9788328302341', '2', NULL),
        ('9788328302341', '2', NULL),
        ('9788328302341', '2', NULL),
        ('9788328302341', '2', NULL),
        ('9788328302341', '2', NULL),
        ('9788328302341', '2', NULL),
        ('9788328302341', '2', NULL),
        ('9788328302341', '2', NULL),
        ('9788328302341', '2', NULL),
        ('9788328302341', '2', NULL),
        ('9788328302341', '2', NULL),
        ('9788328302341', '2', NULL),
        ('9788328302341', '2', NULL),
        ('9788328302341', '2', NULL),
        ('9788328302341', '2', NULL),
        ('9788328302341', '2', NULL),
        ('9788328302341', '2', NULL),
        ('9788328302341', '2', NULL),
        ('9788328302341', '2', NULL),
        ('9788328302341', '2', NULL),
        ('9788328352341', '1', 1),
        ('9788328352341', '1', 2),
        ('9788328352341', '1', 3),
        ('9788328352341', '1', 4),
        ('9788328352341', '1', 5),
        ('9788328352341', '1', 6),
        ('9788328352341', '2', NULL),
        ('9788328352341', '2', NULL),
        ('9788328352341', '2', NULL),
        ('9788328352341', '2', NULL),
        ('9788328352341', '2', NULL),
        ('9788328352341', '2', NULL),
        ('9788328352341', '2', NULL),
        ('9788328352341', '2', NULL),
        ('9788328352341', '2', NULL),
        ('9788328352341', '2', NULL),
        ('9788328352341', '2', NULL),
        ('9788328352341', '2', NULL),
        ('9788328352341', '2', NULL),
        ('9788328352341', '2', NULL),
        ('9788328352341', '2', NULL),
        ('9788328352341', '2', NULL),
        ('9788328352341', '2', NULL),
        ('9788328352341', '2', NULL),
        ('9788328352341', '2', NULL),
        ('9288322302341', '2', NULL),
        ('9288322302341', '2', NULL),
        ('9288322302341', '2', NULL),
        ('9288322302341', '2', NULL),
        ('9288322302341', '2', NULL),
        ('9288322302341', '2', NULL),
        ('9288322302341', '2', NULL),
        ('9288322302341', '2', NULL),
        ('9288322302341', '2', NULL),
        ('9288322302341', '2', NULL),
        ('9288322302341', '2', NULL),
        ('9288322302341', '2', NULL),
        ('9288322302341', '2', NULL),
        ('9288322302341', '2', NULL),
        ('9288322302341', '2', NULL),
        ('9288322302341', '2', NULL),
        ('9288322302341', '2', NULL),
        ('9288322302341', '2', NULL),
        ('9288322302341', '2', NULL),
        ('9288322302341', '2', NULL),
        ('9288322302341', '2', NULL),
        ('9288322302341', '2', NULL),
        ('9288322302341', '2', NULL),
        ('9288322302341', '2', NULL),
        ('9288322302341', '2', NULL),
        ('9788328302348', '2', NULL),
        ('9788328302348', '2', NULL),
        ('9788328302348', '2', NULL),
        ('9788328302348', '2', NULL),
        ('9788328302348', '2', NULL),
        ('9788328302348', '2', NULL),
        ('9788328302348', '2', NULL),
        ('9788328302348', '2', NULL),
        ('9788328302348', '2', NULL),
        ('9788328302348', '2', NULL),
        ('9788328302348', '2', NULL),
        ('9788328302348', '2', NULL),
        ('9788328302348', '2', NULL),
        ('9788328302348', '2', NULL),
        ('9788328302348', '2', NULL),
        ('9788328302348', '2', NULL),
        ('9788328302348', '2', NULL),
        ('9788328302348', '2', NULL),
        ('9788328302348', '2', NULL),
        ('9788328302348', '2', NULL),
        ('9788328302348', '2', NULL),
        ('9788328302348', '2', NULL),
        ('9788328302348', '2', NULL),
        ('9788328302348', '2', NULL),
        ('9788328302348', '2', NULL),
        ('9768328302341', '1', 11),
        ('9768328302341', '1', 12),
        ('9768328302341', '1', 13),
        ('9768328302341', '1', 14),
        ('9768328302341', '2', NULL),
        ('9768328302341', '2', NULL),
        ('9768328302341', '2', NULL),
        ('9768328302341', '2', NULL),
        ('9768328302341', '2', NULL),
        ('9768328302341', '2', NULL),
        ('9768328302341', '2', NULL),
        ('9768328302341', '2', NULL),
        ('9768328302341', '2', NULL),
        ('9768328302341', '2', NULL),
        ('9768328302341', '2', NULL),
        ('9768328302341', '2', NULL),
        ('9768328302341', '2', NULL),
        ('9768328302341', '2', NULL),
        ('9768328302341', '2', NULL),
        ('9768328302341', '2', NULL),
        ('9768328302341', '2', NULL),
        ('9768328302341', '2', NULL),
        ('9768328302341', '2', NULL),
        ('9768328302341', '2', NULL),
        ('9768328302341', '2', NULL),
        ('9788328502341', '1', 7),
        ('9788328502341', '1', 8),
        ('9788328502341', '1', 9),
        ('9788328502341', '1', 10),
        ('9788328502341', '2', NULL),
        ('9788328502341', '2', NULL),
        ('9788328502341', '2', NULL),
        ('9788328502341', '2', NULL),
        ('9788328502341', '2', NULL),
        ('9788328502341', '2', NULL),
        ('9288328502341', '2', NULL),
        ('9288328502341', '2', NULL),
        ('9288328502341', '2', NULL),
        ('9288328502341', '2', NULL),
        ('9288328502341', '2', NULL),
        ('9288328502341', '2', NULL),
        ('9288328502341', '2', NULL),
        ('9288328502341', '2', NULL),
        ('9288328502341', '2', NULL),
        ('9288328502341', '2', NULL);
        
        
/*INSERT INTO biblioteka.czytelnik (Imie, Nazwisko, Telefon, email, Data_dodania) 
VALUES ('Jan', 'Kowalski', '123456789', 'jkowalski@test.com', CURRENT_DATE()),
	   ('Jan', 'Nowak', '234567891', 'jnowak@test.com', CURRENT_DATE()),
       ('Łukasz', 'Kowalski', '345678912', 'lkowalski@test.com', CURRENT_DATE()),
       ('Łukasz', 'Nowak', '456789123', 'lnowak@test.com', CURRENT_DATE()),
       ('Tomek', 'Kowalski', '567891234', 'tkowalski@test.com', CURRENT_DATE()),
       ('Tomek', 'Nowak', '678912345', 'tnowak@test.com', CURRENT_DATE());*/